id,name,address,metro
philz-san-diego-radd-san-diego,RaDD San Diego,"825 North Harbor Drive, San Diego, CA 92101",San Diego
philz-concord-willows-concord,Willows Concord,"1975 Diamond Boulevard, Concord, CA 94520",Concord
philz-san-jose-brokaw-commons,Brokaw Commons,"1085 E Brokaw Road, San Jose, CA 95131",San Jose
philz-burbank-toluka-lake,Toluca Lake,"4400 West Riverside Drive, Burbank, CA 91505",Burbank
philz-whittier-whittier,Whittier,"7007 Walnut Grove Drive, Whittier, CA 90601",Whittier
philz-pleasanton-pleasanton,Pleasanton,"1803 Santa Rita Road, Pleasanton, CA 94566",Pleasanton
philz-long-beach-bixby-knolls,Bixby Knolls,"3850 Atlantic Ave, Long Beach, CA 90807",Long Beach
philz-brea-brea-mall,Brea Mall,"1240 Brea Mall, Brea, CA 92821",Brea
philz-valencia-valencia-crossroads,Valencia Crossroads,"24286 Valencia Blvd, Valencia, CA 91355",Valencia
philz-palo-alto-forest-ave,Forest Ave,"101 Forest Ave, Palo Alto, CA 94306",Palo Alto
philz-colma-colma,Colma,"5055 Junipero Serra Blvd, Colma, CA 94014",Colma
philz-san-jose-willow-glen,Willow Glen,"1115 Lincoln Ave, San Jose, CA 95125",San Jose
philz-aliso-viejo-aliso-viejo,Aliso Viejo,"26509 Aliso Creek Road, Aliso Viejo, CA 92656",Aliso Viejo
philz-san-leandro-san-leandro,San Leandro,"1194 E 14th St, San Leandro, CA 94577",San Leandro
philz-san-jose-philz-coffee-san-jose,Philz Coffee - San Jose,"118 Paseo de San Antonio Walk, San Jose, CA 95112",San Jose
philz-rancho-cucamonga-victoria-gardens,Victoria Gardens,"12448 North Mainstreet, Rancho Cucamonga, CA 91739",Rancho Cucamonga
philz-menlo-park-menlo-park,Menlo Park,"506 Santa Cruz Ave, Menlo Park, CA 94025",Menlo Park
philz-sunnyvale-sunnyvale,Sunnyvale,"125 S Frances St, Sunnyvale, CA 94086",Sunnyvale
philz-berkeley-gilman,Gilman,"1313 Ninth St, Berkeley, CA 94710",Berkeley
philz-san-diego-del-mar,Del Mar,"12873 El Camino Real, San Diego, CA 92130",San Diego
philz-tarzana-tarzana,Tarzana,"18640 Ventura Blvd, Tarzana, CA 91356",Tarzana
philz-san-jose-west-valley-san-jose,West Valley San Jose,"5205 Prospect Road, San Jose, CA 95129",San Jose
philz-san-mateo-san-mateo,San Mateo,"113 S B St, San Mateo, CA 94401",San Mateo
philz-beverly-hills-south-beverly,South Beverly,"233 South Beverly Drive, Beverly Hills, CA 90212",Beverly Hills
philz-morgan-hill-morgan-hill,Morgan Hill,"250 Cochrane Plaza, Morgan Hill, CA 95037",Morgan Hill
philz-elk-grove-elk-grove,Elk Grove,"8170 Elk Grove Boulevard, Elk Grove, CA 95758",Elk Grove
philz-eastvale-eastvale,Eastvale,"12571 Limonite Avenue, Eastvale, CA 91752",Eastvale
philz-chicago-one-chicago,One Chicago,"27 W. Chicago Ave, Chicago, IL 60654",Chicago
philz-oakland-college-ave,College Ave,"6310 College Ave, Oakland, CA 94618",Oakland
philz-orange-old-towne-orange,Old Towne Orange,"202 N Glassell St, Orange, CA 92866",Orange
philz-san-francisco-folsom-beale,Folsom & Beale,"300 Folsom St, San Francisco, CA 94105",San Francisco
philz-chicago-old-town-chicago,Old Town Chicago,"1555 N Wells Street, Chicago, IL 60610",Chicago
philz-castro-valley-castro-valley,Castro Valley,"3359 Castro Valley Blvd, Castro Valley, CA 94546",Castro Valley
philz-sacramento-the-park,The Park,"4680 Freeport Blvd, Sacramento, CA 95822",Sacramento
philz-san-francisco-second-street,Second Street,"425 Mission Street, San Francisco, CA 94105",San Francisco
philz-pasadena-pasadena,Pasadena,"146 S Lake Ave, Pasadena, CA 91101",Pasadena
philz-cupertino-cupertino-main,Cupertino Main,"19439 Stevens Creek Blvd, Cupertino, CA 95014",Cupertino
philz-calabasas-calabasas,Calabasas,"26787 Agoura Rd, Calabasas, CA 91302",Calabasas
philz-dana-point-dana-point,Dana Point,"34179 Pacific Coast Highway, Dana Point, CA 92629",Dana Point
philz-huntington-beach-bella-terra,Bella Terra HB,"7821 Edinger Avenue, Huntington Beach, CA 92647",Huntington Beach
philz-chicago-hyde-park,Hyde Park,"1425 E 53rd St, Chicago, IL 60615",Chicago
philz-claremont-claremont,Claremont,"330 W. Bonita Avenue, Claremont, CA 91711",Claremont
philz-glendale-glendale,Glendale,"252 South Brand Blvd, Glendale, CA 91204",Glendale
philz-mission-viejo-mission-viejo,Mission Viejo,"24440 Alicia Pkwy, Mission Viejo, CA 92691",Mission Viejo
philz-huntington-beach-huntington-beach,Pacific City HB,"21010 Pacific Coast Highway, Huntington Beach, CA 92648",Huntington Beach
philz-walnut-creek-walnut-creek,Walnut Creek,"1103 S California Blvd, Walnut Creek, CA 94596",Walnut Creek
philz-san-francisco-noe-valley,Noe Valley,"4298 24th St, San Francisco, CA 94114",San Francisco
philz-torrance-del-amo-fashion-center,Del Amo Fashion Center,"21434 Hawthorne Boulevard, Torrance, CA 90503",Torrance
philz-south-san-francisco-westborough,Westborough,"2248 Westborough Blvd, South San Francisco, CA 94080",South San Francisco
philz-san-mateo-hillsdale,Hillsdale,"42 Hillsdale Mall, San Mateo, CA 94403",San Mateo
philz-corte-madera-corte-madera,Corte Madera,"403 Corte Madera Town Center, Corte Madera, CA 94925",Corte Madera
philz-sacramento-sacramento-midtown,Sacramento Midtown,"1725 R St, Sacramento, CA 95811",Sacramento
philz-los-angeles-hollywood,Hollywood,"6430 Sunset Blvd, Los Angeles, CA 90028",Los Angeles
philz-fremont-fremont,Fremont,"39000 Paseo Padre Pkwy, Fremont, CA 94538",Fremont
philz-san-francisco-castro,Castro,"549 Castro St, San Francisco, CA 94114",San Francisco
philz-encinitas-encinitas,Encinitas,"1060 S Coast Highway 101, Encinitas, CA 92024",Encinitas
philz-oakland-lakeshore-oakland,Lakeshore Oakland,"3347 Lakeshore Avenue, Oakland, CA 94610",Oakland
philz-la-jolla-la-jolla,La Jolla,"8849 Villa La Jolla Dr, La Jolla, CA 92037",La Jolla
philz-san-diego-mission-valley-san-diego,Mission Valley San Diego,"1640 Camino del Rio North, San Diego, CA 92108",San Diego
philz-los-angeles-dtla-hope,DTLA – Hope,"801 S Hope St, Los Angeles, CA 90017",Los Angeles
philz-culver-city-culver-city,Culver City,"9300 Culver Blvd, Culver City, CA 90232",Culver City
philz-los-angeles-los-feliz,Los Feliz,"2117 Hillhurst Avenue, Los Angeles, CA 90027",Los Angeles
philz-burlingame-burlingame,Burlingame,"305 Primrose Rd, Burlingame, CA 94010",Burlingame
philz-el-segundo-el-segundo,El Segundo,"2191 Rosecrans Ave, El Segundo, CA 90245",El Segundo
philz-los-gatos-los-gatos,Los Gatos,"681 Blossom Hill Rd, Los Gatos, CA 95032",Los Gatos
philz-davis-davis,Davis,"521 2nd Street, Davis, CA 95616",Davis
philz-fullerton-fullerton,Fullerton,"520 North State College Blvd, Fullerton, CA 92831",Fullerton
philz-costa-mesa-south-coast-metro,South Coast Metro,"3420 Bristol St, Costa Mesa, CA 92626",Costa Mesa
philz-studio-city-studio-city,Studio City,"13005 Ventura Blvd, Studio City, CA 91604",Studio City
philz-lafayette-lafayette,Lafayette,"3597 Mt Diablo Blvd, Lafayette, CA 94549",Lafayette
philz-san-francisco-embarcadero,Embarcadero,"5 Embarcadero Center, San Francisco, CA 94111",San Francisco
philz-san-francisco-russian-hill,Russian Hill,"2234 Polk St, San Francisco, CA 94109",San Francisco
philz-san-francisco-front-st,Front St,"1 Front St, San Francisco, CA 94111",San Francisco
philz-long-beach-belmont-shore,Belmont Shore,"4801 E 2nd St, Long Beach, CA 90803",Long Beach
philz-campbell-campbell,Campbell,"1976 S Bascom Ave, Campbell, CA 95008",Campbell
philz-thousand-oaks-thousand-oaks,Thousand Oaks,"33 N Moorpark Road, Thousand Oaks, CA 91360",Thousand Oaks
philz-san-ramon-bishop-ranch,Bishop Ranch,"6000 Bollinger Canyon Rd, San Ramon, CA 94583",San Ramon
philz-chicago-wicker-park,Wicker Park,"1640 W Division St, Chicago, IL 60622",Chicago
philz-san-francisco-civic-center,Civic Center,"399 Golden Gate Ave, San Francisco, CA 94102",San Francisco
philz-san-francisco-berry,Berry,"201 Berry St, San Francisco, CA 94158",San Francisco
philz-emeryville-emeryville,Emeryville,"5663 Bay Street, Emeryville, CA 94608",Emeryville
philz-san-francisco-potrero,Potrero,"1775 17th St, San Francisco, CA 94103",San Francisco
philz-chicago-lincoln-park,Lincoln Park,"2323 N Lincoln Ave, Chicago, IL 60614",Chicago
philz-evanston-evanston,Evanston,"1030 Davis St, Evanston, IL 60201",Evanston
philz-san-francisco-chase-center,Chase Center,"1 Warriors Way, San Francisco, CA 94158",San Francisco
philz-cupertino-deanza-cupertino,DeAnza - Cupertino,"20686 Stevens Creek Blvd, Cupertino, CA 95014",Cupertino
philz-redwood-city-redwood-city,Redwood City,"2116 Broadway, Redwood City, CA 94063",Redwood City
philz-san-francisco-ocean-ave,Ocean Ave,"1110 Ocean Ave, San Francisco, CA 94112",San Francisco
